TMQS,RVOL,Breakout Only,ATR Multiplier,Reward Multiplier,Max Hold Days,Return,Trades,Win Rate,Profit Factor,Expectancy,Max Drawdown
60,1.0,True,2.0,2.5,10,30.79,2019,52.06,1.59,1.33,-1.35
60,1.0,False,2.0,2.5,10,30.79,2019,52.06,1.59,1.33,-1.35
60,1.5,True,2.0,2.5,10,30.79,2019,52.06,1.59,1.33,-1.35
60,1.5,False,2.0,2.5,10,30.79,2019,52.06,1.59,1.33,-1.35
65,1.0,True,2.0,2.5,10,30.79,2019,52.06,1.59,1.33,-1.35
65,1.0,False,2.0,2.5,10,30.79,2019,52.06,1.59,1.33,-1.35
65,1.5,True,2.0,2.5,10,30.79,2019,52.06,1.59,1.33,-1.35
65,1.5,False,2.0,2.5,10,30.79,2019,52.06,1.59,1.33,-1.35
70,1.0,True,2.0,2.5,10,30.79,2019,52.06,1.59,1.33,-1.35
70,1.0,False,2.0,2.5,10,30.79,2019,52.06,1.59,1.33,-1.35
70,1.5,True,2.0,2.5,10,30.79,2019,52.06,1.59,1.33,-1.35
70,1.5,False,2.0,2.5,10,30.79,2019,52.06,1.59,1.33,-1.35
75,1.0,True,2.0,2.5,10,30.79,2019,52.06,1.59,1.33,-1.35
75,1.0,False,2.0,2.5,10,30.79,2019,52.06,1.59,1.33,-1.35
75,1.5,True,2.0,2.5,10,30.79,2019,52.06,1.59,1.33,-1.35
75,1.5,False,2.0,2.5,10,30.79,2019,52.06,1.59,1.33,-1.35
80,1.0,True,2.0,2.5,10,30.79,2019,52.06,1.59,1.33,-1.35
80,1.0,False,2.0,2.5,10,30.79,2019,52.06,1.59,1.33,-1.35
80,1.5,True,2.0,2.5,10,30.79,2019,52.06,1.59,1.33,-1.35
80,1.5,False,2.0,2.5,10,30.79,2019,52.06,1.59,1.33,-1.35
60,1.0,True,2.0,2.0,10,28.63,2019,52.3,1.56,1.25,-1.1
60,1.0,False,2.0,2.0,10,28.63,2019,52.3,1.56,1.25,-1.1
60,1.5,True,2.0,2.0,10,28.63,2019,52.3,1.56,1.25,-1.1
60,1.5,False,2.0,2.0,10,28.63,2019,52.3,1.56,1.25,-1.1
65,1.0,True,2.0,2.0,10,28.63,2019,52.3,1.56,1.25,-1.1
65,1.0,False,2.0,2.0,10,28.63,2019,52.3,1.56,1.25,-1.1
65,1.5,True,2.0,2.0,10,28.63,2019,52.3,1.56,1.25,-1.1
65,1.5,False,2.0,2.0,10,28.63,2019,52.3,1.56,1.25,-1.1
70,1.0,True,2.0,2.0,10,28.63,2019,52.3,1.56,1.25,-1.1
70,1.0,False,2.0,2.0,10,28.63,2019,52.3,1.56,1.25,-1.1
70,1.5,True,2.0,2.0,10,28.63,2019,52.3,1.56,1.25,-1.1
70,1.5,False,2.0,2.0,10,28.63,2019,52.3,1.56,1.25,-1.1
75,1.0,True,2.0,2.0,10,28.63,2019,52.3,1.56,1.25,-1.1
75,1.0,False,2.0,2.0,10,28.63,2019,52.3,1.56,1.25,-1.1
75,1.5,True,2.0,2.0,10,28.63,2019,52.3,1.56,1.25,-1.1
75,1.5,False,2.0,2.0,10,28.63,2019,52.3,1.56,1.25,-1.1
80,1.0,True,2.0,2.0,10,28.63,2019,52.3,1.56,1.25,-1.1
80,1.0,False,2.0,2.0,10,28.63,2019,52.3,1.56,1.25,-1.1
80,1.5,True,2.0,2.0,10,28.63,2019,52.3,1.56,1.25,-1.1
80,1.5,False,2.0,2.0,10,28.63,2019,52.3,1.56,1.25,-1.1
60,1.0,True,1.5,2.5,10,25.04,2019,47.35,1.52,1.11,-1.31
60,1.0,False,1.5,2.5,10,25.04,2019,47.35,1.52,1.11,-1.31
60,1.5,True,1.5,2.5,10,25.04,2019,47.35,1.52,1.11,-1.31
60,1.5,False,1.5,2.5,10,25.04,2019,47.35,1.52,1.11,-1.31
65,1.0,True,1.5,2.5,10,25.04,2019,47.35,1.52,1.11,-1.31
65,1.0,False,1.5,2.5,10,25.04,2019,47.35,1.52,1.11,-1.31
65,1.5,True,1.5,2.5,10,25.04,2019,47.35,1.52,1.11,-1.31
65,1.5,False,1.5,2.5,10,25.04,2019,47.35,1.52,1.11,-1.31
70,1.0,True,1.5,2.5,10,25.04,2019,47.35,1.52,1.11,-1.31
70,1.0,False,1.5,2.5,10,25.04,2019,47.35,1.52,1.11,-1.31
70,1.5,True,1.5,2.5,10,25.04,2019,47.35,1.52,1.11,-1.31
70,1.5,False,1.5,2.5,10,25.04,2019,47.35,1.52,1.11,-1.31
75,1.0,True,1.5,2.5,10,25.04,2019,47.35,1.52,1.11,-1.31
75,1.0,False,1.5,2.5,10,25.04,2019,47.35,1.52,1.11,-1.31
75,1.5,True,1.5,2.5,10,25.04,2019,47.35,1.52,1.11,-1.31
75,1.5,False,1.5,2.5,10,25.04,2019,47.35,1.52,1.11,-1.31
80,1.0,True,1.5,2.5,10,25.04,2019,47.35,1.52,1.11,-1.31
80,1.0,False,1.5,2.5,10,25.04,2019,47.35,1.52,1.11,-1.31
80,1.5,True,1.5,2.5,10,25.04,2019,47.35,1.52,1.11,-1.31
80,1.5,False,1.5,2.5,10,25.04,2019,47.35,1.52,1.11,-1.31
60,1.0,True,2.0,1.5,10,25.01,2019,53.1,1.5,1.11,-1.15
60,1.0,False,2.0,1.5,10,25.01,2019,53.1,1.5,1.11,-1.15
60,1.5,True,2.0,1.5,10,25.01,2019,53.1,1.5,1.11,-1.15
60,1.5,False,2.0,1.5,10,25.01,2019,53.1,1.5,1.11,-1.15
65,1.0,True,2.0,1.5,10,25.01,2019,53.1,1.5,1.11,-1.15
65,1.0,False,2.0,1.5,10,25.01,2019,53.1,1.5,1.11,-1.15
65,1.5,True,2.0,1.5,10,25.01,2019,53.1,1.5,1.11,-1.15
65,1.5,False,2.0,1.5,10,25.01,2019,53.1,1.5,1.11,-1.15
70,1.0,True,2.0,1.5,10,25.01,2019,53.1,1.5,1.11,-1.15
70,1.0,False,2.0,1.5,10,25.01,2019,53.1,1.5,1.11,-1.15
70,1.5,True,2.0,1.5,10,25.01,2019,53.1,1.5,1.11,-1.15
70,1.5,False,2.0,1.5,10,25.01,2019,53.1,1.5,1.11,-1.15
75,1.0,True,2.0,1.5,10,25.01,2019,53.1,1.5,1.11,-1.15
75,1.0,False,2.0,1.5,10,25.01,2019,53.1,1.5,1.11,-1.15
75,1.5,True,2.0,1.5,10,25.01,2019,53.1,1.5,1.11,-1.15
75,1.5,False,2.0,1.5,10,25.01,2019,53.1,1.5,1.11,-1.15
80,1.0,True,2.0,1.5,10,25.01,2019,53.1,1.5,1.11,-1.15
80,1.0,False,2.0,1.5,10,25.01,2019,53.1,1.5,1.11,-1.15
80,1.5,True,2.0,1.5,10,25.01,2019,53.1,1.5,1.11,-1.15
80,1.5,False,2.0,1.5,10,25.01,2019,53.1,1.5,1.11,-1.15
60,1.0,True,1.5,2.0,10,22.41,2019,48.09,1.48,1.0,-1.33
60,1.0,False,1.5,2.0,10,22.41,2019,48.09,1.48,1.0,-1.33
60,1.5,True,1.5,2.0,10,22.41,2019,48.09,1.48,1.0,-1.33
60,1.5,False,1.5,2.0,10,22.41,2019,48.09,1.48,1.0,-1.33
65,1.0,True,1.5,2.0,10,22.41,2019,48.09,1.48,1.0,-1.33
65,1.0,False,1.5,2.0,10,22.41,2019,48.09,1.48,1.0,-1.33
65,1.5,True,1.5,2.0,10,22.41,2019,48.09,1.48,1.0,-1.33
65,1.5,False,1.5,2.0,10,22.41,2019,48.09,1.48,1.0,-1.33
70,1.0,True,1.5,2.0,10,22.41,2019,48.09,1.48,1.0,-1.33
70,1.0,False,1.5,2.0,10,22.41,2019,48.09,1.48,1.0,-1.33
70,1.5,True,1.5,2.0,10,22.41,2019,48.09,1.48,1.0,-1.33
70,1.5,False,1.5,2.0,10,22.41,2019,48.09,1.48,1.0,-1.33
75,1.0,True,1.5,2.0,10,22.41,2019,48.09,1.48,1.0,-1.33
75,1.0,False,1.5,2.0,10,22.41,2019,48.09,1.48,1.0,-1.33
75,1.5,True,1.5,2.0,10,22.41,2019,48.09,1.48,1.0,-1.33
75,1.5,False,1.5,2.0,10,22.41,2019,48.09,1.48,1.0,-1.33
80,1.0,True,1.5,2.0,10,22.41,2019,48.09,1.48,1.0,-1.33
80,1.0,False,1.5,2.0,10,22.41,2019,48.09,1.48,1.0,-1.33
80,1.5,True,1.5,2.0,10,22.41,2019,48.09,1.48,1.0,-1.33
80,1.5,False,1.5,2.0,10,22.41,2019,48.09,1.48,1.0,-1.33
60,1.0,True,2.0,2.5,7,22.36,2019,54.28,1.51,1.0,-1.13
60,1.0,False,2.0,2.5,7,22.36,2019,54.28,1.51,1.0,-1.13
60,1.5,True,2.0,2.5,7,22.36,2019,54.28,1.51,1.0,-1.13
60,1.5,False,2.0,2.5,7,22.36,2019,54.28,1.51,1.0,-1.13
65,1.0,True,2.0,2.5,7,22.36,2019,54.28,1.51,1.0,-1.13
65,1.0,False,2.0,2.5,7,22.36,2019,54.28,1.51,1.0,-1.13
65,1.5,True,2.0,2.5,7,22.36,2019,54.28,1.51,1.0,-1.13
65,1.5,False,2.0,2.5,7,22.36,2019,54.28,1.51,1.0,-1.13
70,1.0,True,2.0,2.5,7,22.36,2019,54.28,1.51,1.0,-1.13
70,1.0,False,2.0,2.5,7,22.36,2019,54.28,1.51,1.0,-1.13
70,1.5,True,2.0,2.5,7,22.36,2019,54.28,1.51,1.0,-1.13
70,1.5,False,2.0,2.5,7,22.36,2019,54.28,1.51,1.0,-1.13
75,1.0,True,2.0,2.5,7,22.36,2019,54.28,1.51,1.0,-1.13
75,1.0,False,2.0,2.5,7,22.36,2019,54.28,1.51,1.0,-1.13
75,1.5,True,2.0,2.5,7,22.36,2019,54.28,1.51,1.0,-1.13
75,1.5,False,2.0,2.5,7,22.36,2019,54.28,1.51,1.0,-1.13
80,1.0,True,2.0,2.5,7,22.36,2019,54.28,1.51,1.0,-1.13
80,1.0,False,2.0,2.5,7,22.36,2019,54.28,1.51,1.0,-1.13
80,1.5,True,2.0,2.5,7,22.36,2019,54.28,1.51,1.0,-1.13
80,1.5,False,2.0,2.5,7,22.36,2019,54.28,1.51,1.0,-1.13
60,1.0,True,2.0,2.0,7,22.16,2019,54.48,1.51,0.99,-1.13
60,1.0,False,2.0,2.0,7,22.16,2019,54.48,1.51,0.99,-1.13
60,1.5,True,2.0,2.0,7,22.16,2019,54.48,1.51,0.99,-1.13
60,1.5,False,2.0,2.0,7,22.16,2019,54.48,1.51,0.99,-1.13
65,1.0,True,2.0,2.0,7,22.16,2019,54.48,1.51,0.99,-1.13
65,1.0,False,2.0,2.0,7,22.16,2019,54.48,1.51,0.99,-1.13
65,1.5,True,2.0,2.0,7,22.16,2019,54.48,1.51,0.99,-1.13
65,1.5,False,2.0,2.0,7,22.16,2019,54.48,1.51,0.99,-1.13
70,1.0,True,2.0,2.0,7,22.16,2019,54.48,1.51,0.99,-1.13
70,1.0,False,2.0,2.0,7,22.16,2019,54.48,1.51,0.99,-1.13
70,1.5,True,2.0,2.0,7,22.16,2019,54.48,1.51,0.99,-1.13
70,1.5,False,2.0,2.0,7,22.16,2019,54.48,1.51,0.99,-1.13
75,1.0,True,2.0,2.0,7,22.16,2019,54.48,1.51,0.99,-1.13
75,1.0,False,2.0,2.0,7,22.16,2019,54.48,1.51,0.99,-1.13
75,1.5,True,2.0,2.0,7,22.16,2019,54.48,1.51,0.99,-1.13
75,1.5,False,2.0,2.0,7,22.16,2019,54.48,1.51,0.99,-1.13
80,1.0,True,2.0,2.0,7,22.16,2019,54.48,1.51,0.99,-1.13
80,1.0,False,2.0,2.0,7,22.16,2019,54.48,1.51,0.99,-1.13
80,1.5,True,2.0,2.0,7,22.16,2019,54.48,1.51,0.99,-1.13
80,1.5,False,2.0,2.0,7,22.16,2019,54.48,1.51,0.99,-1.13
60,1.0,True,1.5,2.5,7,20.11,2019,50.72,1.48,0.91,-0.96
60,1.0,False,1.5,2.5,7,20.11,2019,50.72,1.48,0.91,-0.96
60,1.5,True,1.5,2.5,7,20.11,2019,50.72,1.48,0.91,-0.96
60,1.5,False,1.5,2.5,7,20.11,2019,50.72,1.48,0.91,-0.96
65,1.0,True,1.5,2.5,7,20.11,2019,50.72,1.48,0.91,-0.96
65,1.0,False,1.5,2.5,7,20.11,2019,50.72,1.48,0.91,-0.96
65,1.5,True,1.5,2.5,7,20.11,2019,50.72,1.48,0.91,-0.96
65,1.5,False,1.5,2.5,7,20.11,2019,50.72,1.48,0.91,-0.96
70,1.0,True,1.5,2.5,7,20.11,2019,50.72,1.48,0.91,-0.96
70,1.0,False,1.5,2.5,7,20.11,2019,50.72,1.48,0.91,-0.96
70,1.5,True,1.5,2.5,7,20.11,2019,50.72,1.48,0.91,-0.96
70,1.5,False,1.5,2.5,7,20.11,2019,50.72,1.48,0.91,-0.96
75,1.0,True,1.5,2.5,7,20.11,2019,50.72,1.48,0.91,-0.96
75,1.0,False,1.5,2.5,7,20.11,2019,50.72,1.48,0.91,-0.96
75,1.5,True,1.5,2.5,7,20.11,2019,50.72,1.48,0.91,-0.96
75,1.5,False,1.5,2.5,7,20.11,2019,50.72,1.48,0.91,-0.96
80,1.0,True,1.5,2.5,7,20.11,2019,50.72,1.48,0.91,-0.96
80,1.0,False,1.5,2.5,7,20.11,2019,50.72,1.48,0.91,-0.96
80,1.5,True,1.5,2.5,7,20.11,2019,50.72,1.48,0.91,-0.96
80,1.5,False,1.5,2.5,7,20.11,2019,50.72,1.48,0.91,-0.96
60,1.0,True,2.0,1.5,7,19.44,2019,54.73,1.46,0.88,-1.09
60,1.0,False,2.0,1.5,7,19.44,2019,54.73,1.46,0.88,-1.09
60,1.5,True,2.0,1.5,7,19.44,2019,54.73,1.46,0.88,-1.09
60,1.5,False,2.0,1.5,7,19.44,2019,54.73,1.46,0.88,-1.09
65,1.0,True,2.0,1.5,7,19.44,2019,54.73,1.46,0.88,-1.09
65,1.0,False,2.0,1.5,7,19.44,2019,54.73,1.46,0.88,-1.09
65,1.5,True,2.0,1.5,7,19.44,2019,54.73,1.46,0.88,-1.09
65,1.5,False,2.0,1.5,7,19.44,2019,54.73,1.46,0.88,-1.09
70,1.0,True,2.0,1.5,7,19.44,2019,54.73,1.46,0.88,-1.09
70,1.0,False,2.0,1.5,7,19.44,2019,54.73,1.46,0.88,-1.09
70,1.5,True,2.0,1.5,7,19.44,2019,54.73,1.46,0.88,-1.09
70,1.5,False,2.0,1.5,7,19.44,2019,54.73,1.46,0.88,-1.09
75,1.0,True,2.0,1.5,7,19.44,2019,54.73,1.46,0.88,-1.09
75,1.0,False,2.0,1.5,7,19.44,2019,54.73,1.46,0.88,-1.09
75,1.5,True,2.0,1.5,7,19.44,2019,54.73,1.46,0.88,-1.09
75,1.5,False,2.0,1.5,7,19.44,2019,54.73,1.46,0.88,-1.09
80,1.0,True,2.0,1.5,7,19.44,2019,54.73,1.46,0.88,-1.09
80,1.0,False,2.0,1.5,7,19.44,2019,54.73,1.46,0.88,-1.09
80,1.5,True,2.0,1.5,7,19.44,2019,54.73,1.46,0.88,-1.09
80,1.5,False,2.0,1.5,7,19.44,2019,54.73,1.46,0.88,-1.09
60,1.0,True,1.0,2.5,10,19.27,2019,41.9,1.52,0.87,-0.66
60,1.0,False,1.0,2.5,10,19.27,2019,41.9,1.52,0.87,-0.66
60,1.5,True,1.0,2.5,10,19.27,2019,41.9,1.52,0.87,-0.66
60,1.5,False,1.0,2.5,10,19.27,2019,41.9,1.52,0.87,-0.66
65,1.0,True,1.0,2.5,10,19.27,2019,41.9,1.52,0.87,-0.66
65,1.0,False,1.0,2.5,10,19.27,2019,41.9,1.52,0.87,-0.66
65,1.5,True,1.0,2.5,10,19.27,2019,41.9,1.52,0.87,-0.66
65,1.5,False,1.0,2.5,10,19.27,2019,41.9,1.52,0.87,-0.66
70,1.0,True,1.0,2.5,10,19.27,2019,41.9,1.52,0.87,-0.66
70,1.0,False,1.0,2.5,10,19.27,2019,41.9,1.52,0.87,-0.66
70,1.5,True,1.0,2.5,10,19.27,2019,41.9,1.52,0.87,-0.66
70,1.5,False,1.0,2.5,10,19.27,2019,41.9,1.52,0.87,-0.66
75,1.0,True,1.0,2.5,10,19.27,2019,41.9,1.52,0.87,-0.66
75,1.0,False,1.0,2.5,10,19.27,2019,41.9,1.52,0.87,-0.66
75,1.5,True,1.0,2.5,10,19.27,2019,41.9,1.52,0.87,-0.66
75,1.5,False,1.0,2.5,10,19.27,2019,41.9,1.52,0.87,-0.66
80,1.0,True,1.0,2.5,10,19.27,2019,41.9,1.52,0.87,-0.66
80,1.0,False,1.0,2.5,10,19.27,2019,41.9,1.52,0.87,-0.66
80,1.5,True,1.0,2.5,10,19.27,2019,41.9,1.52,0.87,-0.66
80,1.5,False,1.0,2.5,10,19.27,2019,41.9,1.52,0.87,-0.66
60,1.0,True,1.5,2.0,7,18.29,2019,51.02,1.45,0.83,-0.9
60,1.0,False,1.5,2.0,7,18.29,2019,51.02,1.45,0.83,-0.9
60,1.5,True,1.5,2.0,7,18.29,2019,51.02,1.45,0.83,-0.9
60,1.5,False,1.5,2.0,7,18.29,2019,51.02,1.45,0.83,-0.9
65,1.0,True,1.5,2.0,7,18.29,2019,51.02,1.45,0.83,-0.9
65,1.0,False,1.5,2.0,7,18.29,2019,51.02,1.45,0.83,-0.9
65,1.5,True,1.5,2.0,7,18.29,2019,51.02,1.45,0.83,-0.9
65,1.5,False,1.5,2.0,7,18.29,2019,51.02,1.45,0.83,-0.9
70,1.0,True,1.5,2.0,7,18.29,2019,51.02,1.45,0.83,-0.9
70,1.0,False,1.5,2.0,7,18.29,2019,51.02,1.45,0.83,-0.9
70,1.5,True,1.5,2.0,7,18.29,2019,51.02,1.45,0.83,-0.9
70,1.5,False,1.5,2.0,7,18.29,2019,51.02,1.45,0.83,-0.9
75,1.0,True,1.5,2.0,7,18.29,2019,51.02,1.45,0.83,-0.9
75,1.0,False,1.5,2.0,7,18.29,2019,51.02,1.45,0.83,-0.9
75,1.5,True,1.5,2.0,7,18.29,2019,51.02,1.45,0.83,-0.9
75,1.5,False,1.5,2.0,7,18.29,2019,51.02,1.45,0.83,-0.9
80,1.0,True,1.5,2.0,7,18.29,2019,51.02,1.45,0.83,-0.9
80,1.0,False,1.5,2.0,7,18.29,2019,51.02,1.45,0.83,-0.9
80,1.5,True,1.5,2.0,7,18.29,2019,51.02,1.45,0.83,-0.9
80,1.5,False,1.5,2.0,7,18.29,2019,51.02,1.45,0.83,-0.9
60,1.0,True,2.0,2.5,5,18.26,2019,54.68,1.5,0.83,-0.96
60,1.0,False,2.0,2.5,5,18.26,2019,54.68,1.5,0.83,-0.96
60,1.5,True,2.0,2.5,5,18.26,2019,54.68,1.5,0.83,-0.96
60,1.5,False,2.0,2.5,5,18.26,2019,54.68,1.5,0.83,-0.96
65,1.0,True,2.0,2.5,5,18.26,2019,54.68,1.5,0.83,-0.96
65,1.0,False,2.0,2.5,5,18.26,2019,54.68,1.5,0.83,-0.96
65,1.5,True,2.0,2.5,5,18.26,2019,54.68,1.5,0.83,-0.96
65,1.5,False,2.0,2.5,5,18.26,2019,54.68,1.5,0.83,-0.96
70,1.0,True,2.0,2.5,5,18.26,2019,54.68,1.5,0.83,-0.96
70,1.0,False,2.0,2.5,5,18.26,2019,54.68,1.5,0.83,-0.96
70,1.5,True,2.0,2.5,5,18.26,2019,54.68,1.5,0.83,-0.96
70,1.5,False,2.0,2.5,5,18.26,2019,54.68,1.5,0.83,-0.96
75,1.0,True,2.0,2.5,5,18.26,2019,54.68,1.5,0.83,-0.96
75,1.0,False,2.0,2.5,5,18.26,2019,54.68,1.5,0.83,-0.96
75,1.5,True,2.0,2.5,5,18.26,2019,54.68,1.5,0.83,-0.96
75,1.5,False,2.0,2.5,5,18.26,2019,54.68,1.5,0.83,-0.96
80,1.0,True,2.0,2.5,5,18.26,2019,54.68,1.5,0.83,-0.96
80,1.0,False,2.0,2.5,5,18.26,2019,54.68,1.5,0.83,-0.96
80,1.5,True,2.0,2.5,5,18.26,2019,54.68,1.5,0.83,-0.96
80,1.5,False,2.0,2.5,5,18.26,2019,54.68,1.5,0.83,-0.96
60,1.0,True,1.5,1.5,10,18.02,2019,50.32,1.41,0.82,-1.08
60,1.0,False,1.5,1.5,10,18.02,2019,50.32,1.41,0.82,-1.08
60,1.5,True,1.5,1.5,10,18.02,2019,50.32,1.41,0.82,-1.08
60,1.5,False,1.5,1.5,10,18.02,2019,50.32,1.41,0.82,-1.08
65,1.0,True,1.5,1.5,10,18.02,2019,50.32,1.41,0.82,-1.08
65,1.0,False,1.5,1.5,10,18.02,2019,50.32,1.41,0.82,-1.08
65,1.5,True,1.5,1.5,10,18.02,2019,50.32,1.41,0.82,-1.08
65,1.5,False,1.5,1.5,10,18.02,2019,50.32,1.41,0.82,-1.08
70,1.0,True,1.5,1.5,10,18.02,2019,50.32,1.41,0.82,-1.08
70,1.0,False,1.5,1.5,10,18.02,2019,50.32,1.41,0.82,-1.08
70,1.5,True,1.5,1.5,10,18.02,2019,50.32,1.41,0.82,-1.08
70,1.5,False,1.5,1.5,10,18.02,2019,50.32,1.41,0.82,-1.08
75,1.0,True,1.5,1.5,10,18.02,2019,50.32,1.41,0.82,-1.08
75,1.0,False,1.5,1.5,10,18.02,2019,50.32,1.41,0.82,-1.08
75,1.5,True,1.5,1.5,10,18.02,2019,50.32,1.41,0.82,-1.08
75,1.5,False,1.5,1.5,10,18.02,2019,50.32,1.41,0.82,-1.08
80,1.0,True,1.5,1.5,10,18.02,2019,50.32,1.41,0.82,-1.08
80,1.0,False,1.5,1.5,10,18.02,2019,50.32,1.41,0.82,-1.08
80,1.5,True,1.5,1.5,10,18.02,2019,50.32,1.41,0.82,-1.08
80,1.5,False,1.5,1.5,10,18.02,2019,50.32,1.41,0.82,-1.08
60,1.0,True,2.0,2.0,5,17.56,2019,54.73,1.49,0.8,-1.01
60,1.0,False,2.0,2.0,5,17.56,2019,54.73,1.49,0.8,-1.01
60,1.5,True,2.0,2.0,5,17.56,2019,54.73,1.49,0.8,-1.01
60,1.5,False,2.0,2.0,5,17.56,2019,54.73,1.49,0.8,-1.01
65,1.0,True,2.0,2.0,5,17.56,2019,54.73,1.49,0.8,-1.01
65,1.0,False,2.0,2.0,5,17.56,2019,54.73,1.49,0.8,-1.01
65,1.5,True,2.0,2.0,5,17.56,2019,54.73,1.49,0.8,-1.01
65,1.5,False,2.0,2.0,5,17.56,2019,54.73,1.49,0.8,-1.01
70,1.0,True,2.0,2.0,5,17.56,2019,54.73,1.49,0.8,-1.01
70,1.0,False,2.0,2.0,5,17.56,2019,54.73,1.49,0.8,-1.01
70,1.5,True,2.0,2.0,5,17.56,2019,54.73,1.49,0.8,-1.01
70,1.5,False,2.0,2.0,5,17.56,2019,54.73,1.49,0.8,-1.01
75,1.0,True,2.0,2.0,5,17.56,2019,54.73,1.49,0.8,-1.01
75,1.0,False,2.0,2.0,5,17.56,2019,54.73,1.49,0.8,-1.01
75,1.5,True,2.0,2.0,5,17.56,2019,54.73,1.49,0.8,-1.01
75,1.5,False,2.0,2.0,5,17.56,2019,54.73,1.49,0.8,-1.01
80,1.0,True,2.0,2.0,5,17.56,2019,54.73,1.49,0.8,-1.01
80,1.0,False,2.0,2.0,5,17.56,2019,54.73,1.49,0.8,-1.01
80,1.5,True,2.0,2.0,5,17.56,2019,54.73,1.49,0.8,-1.01
80,1.5,False,2.0,2.0,5,17.56,2019,54.73,1.49,0.8,-1.01
60,1.0,True,1.5,2.5,5,17.28,2019,52.65,1.5,0.79,-0.74
60,1.0,False,1.5,2.5,5,17.28,2019,52.65,1.5,0.79,-0.74
60,1.5,True,1.5,2.5,5,17.28,2019,52.65,1.5,0.79,-0.74
60,1.5,False,1.5,2.5,5,17.28,2019,52.65,1.5,0.79,-0.74
65,1.0,True,1.5,2.5,5,17.28,2019,52.65,1.5,0.79,-0.74
65,1.0,False,1.5,2.5,5,17.28,2019,52.65,1.5,0.79,-0.74
65,1.5,True,1.5,2.5,5,17.28,2019,52.65,1.5,0.79,-0.74
65,1.5,False,1.5,2.5,5,17.28,2019,52.65,1.5,0.79,-0.74
70,1.0,True,1.5,2.5,5,17.28,2019,52.65,1.5,0.79,-0.74
70,1.0,False,1.5,2.5,5,17.28,2019,52.65,1.5,0.79,-0.74
70,1.5,True,1.5,2.5,5,17.28,2019,52.65,1.5,0.79,-0.74
70,1.5,False,1.5,2.5,5,17.28,2019,52.65,1.5,0.79,-0.74
75,1.0,True,1.5,2.5,5,17.28,2019,52.65,1.5,0.79,-0.74
75,1.0,False,1.5,2.5,5,17.28,2019,52.65,1.5,0.79,-0.74
75,1.5,True,1.5,2.5,5,17.28,2019,52.65,1.5,0.79,-0.74
75,1.5,False,1.5,2.5,5,17.28,2019,52.65,1.5,0.79,-0.74
80,1.0,True,1.5,2.5,5,17.28,2019,52.65,1.5,0.79,-0.74
80,1.0,False,1.5,2.5,5,17.28,2019,52.65,1.5,0.79,-0.74
80,1.5,True,1.5,2.5,5,17.28,2019,52.65,1.5,0.79,-0.74
80,1.5,False,1.5,2.5,5,17.28,2019,52.65,1.5,0.79,-0.74
60,1.0,True,1.0,2.5,7,17.05,2019,44.87,1.5,0.78,-0.72
60,1.0,False,1.0,2.5,7,17.05,2019,44.87,1.5,0.78,-0.72
60,1.5,True,1.0,2.5,7,17.05,2019,44.87,1.5,0.78,-0.72
60,1.5,False,1.0,2.5,7,17.05,2019,44.87,1.5,0.78,-0.72
65,1.0,True,1.0,2.5,7,17.05,2019,44.87,1.5,0.78,-0.72
65,1.0,False,1.0,2.5,7,17.05,2019,44.87,1.5,0.78,-0.72
65,1.5,True,1.0,2.5,7,17.05,2019,44.87,1.5,0.78,-0.72
65,1.5,False,1.0,2.5,7,17.05,2019,44.87,1.5,0.78,-0.72
70,1.0,True,1.0,2.5,7,17.05,2019,44.87,1.5,0.78,-0.72
70,1.0,False,1.0,2.5,7,17.05,2019,44.87,1.5,0.78,-0.72
70,1.5,True,1.0,2.5,7,17.05,2019,44.87,1.5,0.78,-0.72
70,1.5,False,1.0,2.5,7,17.05,2019,44.87,1.5,0.78,-0.72
75,1.0,True,1.0,2.5,7,17.05,2019,44.87,1.5,0.78,-0.72
75,1.0,False,1.0,2.5,7,17.05,2019,44.87,1.5,0.78,-0.72
75,1.5,True,1.0,2.5,7,17.05,2019,44.87,1.5,0.78,-0.72
75,1.5,False,1.0,2.5,7,17.05,2019,44.87,1.5,0.78,-0.72
80,1.0,True,1.0,2.5,7,17.05,2019,44.87,1.5,0.78,-0.72
80,1.0,False,1.0,2.5,7,17.05,2019,44.87,1.5,0.78,-0.72
80,1.5,True,1.0,2.5,7,17.05,2019,44.87,1.5,0.78,-0.72
80,1.5,False,1.0,2.5,7,17.05,2019,44.87,1.5,0.78,-0.72
60,1.0,True,1.0,2.0,10,16.18,2019,44.28,1.46,0.74,-0.61
60,1.0,False,1.0,2.0,10,16.18,2019,44.28,1.46,0.74,-0.61
60,1.5,True,1.0,2.0,10,16.18,2019,44.28,1.46,0.74,-0.61
60,1.5,False,1.0,2.0,10,16.18,2019,44.28,1.46,0.74,-0.61
65,1.0,True,1.0,2.0,10,16.18,2019,44.28,1.46,0.74,-0.61
65,1.0,False,1.0,2.0,10,16.18,2019,44.28,1.46,0.74,-0.61
65,1.5,True,1.0,2.0,10,16.18,2019,44.28,1.46,0.74,-0.61
65,1.5,False,1.0,2.0,10,16.18,2019,44.28,1.46,0.74,-0.61
70,1.0,True,1.0,2.0,10,16.18,2019,44.28,1.46,0.74,-0.61
70,1.0,False,1.0,2.0,10,16.18,2019,44.28,1.46,0.74,-0.61
70,1.5,True,1.0,2.0,10,16.18,2019,44.28,1.46,0.74,-0.61
70,1.5,False,1.0,2.0,10,16.18,2019,44.28,1.46,0.74,-0.61
75,1.0,True,1.0,2.0,10,16.18,2019,44.28,1.46,0.74,-0.61
75,1.0,False,1.0,2.0,10,16.18,2019,44.28,1.46,0.74,-0.61
75,1.5,True,1.0,2.0,10,16.18,2019,44.28,1.46,0.74,-0.61
75,1.5,False,1.0,2.0,10,16.18,2019,44.28,1.46,0.74,-0.61
80,1.0,True,1.0,2.0,10,16.18,2019,44.28,1.46,0.74,-0.61
80,1.0,False,1.0,2.0,10,16.18,2019,44.28,1.46,0.74,-0.61
80,1.5,True,1.0,2.0,10,16.18,2019,44.28,1.46,0.74,-0.61
80,1.5,False,1.0,2.0,10,16.18,2019,44.28,1.46,0.74,-0.61
60,1.0,True,1.5,2.0,5,16.03,2019,52.8,1.46,0.74,-0.78
60,1.0,False,1.5,2.0,5,16.03,2019,52.8,1.46,0.74,-0.78
60,1.5,True,1.5,2.0,5,16.03,2019,52.8,1.46,0.74,-0.78
60,1.5,False,1.5,2.0,5,16.03,2019,52.8,1.46,0.74,-0.78
65,1.0,True,1.5,2.0,5,16.03,2019,52.8,1.46,0.74,-0.78
65,1.0,False,1.5,2.0,5,16.03,2019,52.8,1.46,0.74,-0.78
65,1.5,True,1.5,2.0,5,16.03,2019,52.8,1.46,0.74,-0.78
65,1.5,False,1.5,2.0,5,16.03,2019,52.8,1.46,0.74,-0.78
70,1.0,True,1.5,2.0,5,16.03,2019,52.8,1.46,0.74,-0.78
70,1.0,False,1.5,2.0,5,16.03,2019,52.8,1.46,0.74,-0.78
70,1.5,True,1.5,2.0,5,16.03,2019,52.8,1.46,0.74,-0.78
70,1.5,False,1.5,2.0,5,16.03,2019,52.8,1.46,0.74,-0.78
75,1.0,True,1.5,2.0,5,16.03,2019,52.8,1.46,0.74,-0.78
75,1.0,False,1.5,2.0,5,16.03,2019,52.8,1.46,0.74,-0.78
75,1.5,True,1.5,2.0,5,16.03,2019,52.8,1.46,0.74,-0.78
75,1.5,False,1.5,2.0,5,16.03,2019,52.8,1.46,0.74,-0.78
80,1.0,True,1.5,2.0,5,16.03,2019,52.8,1.46,0.74,-0.78
80,1.0,False,1.5,2.0,5,16.03,2019,52.8,1.46,0.74,-0.78
80,1.5,True,1.5,2.0,5,16.03,2019,52.8,1.46,0.74,-0.78
80,1.5,False,1.5,2.0,5,16.03,2019,52.8,1.46,0.74,-0.78
60,1.0,True,2.0,1.5,5,15.86,2019,54.83,1.44,0.73,-1.07
60,1.0,False,2.0,1.5,5,15.86,2019,54.83,1.44,0.73,-1.07
60,1.5,True,2.0,1.5,5,15.86,2019,54.83,1.44,0.73,-1.07
60,1.5,False,2.0,1.5,5,15.86,2019,54.83,1.44,0.73,-1.07
65,1.0,True,2.0,1.5,5,15.86,2019,54.83,1.44,0.73,-1.07
65,1.0,False,2.0,1.5,5,15.86,2019,54.83,1.44,0.73,-1.07
65,1.5,True,2.0,1.5,5,15.86,2019,54.83,1.44,0.73,-1.07
65,1.5,False,2.0,1.5,5,15.86,2019,54.83,1.44,0.73,-1.07
70,1.0,True,2.0,1.5,5,15.86,2019,54.83,1.44,0.73,-1.07
70,1.0,False,2.0,1.5,5,15.86,2019,54.83,1.44,0.73,-1.07
70,1.5,True,2.0,1.5,5,15.86,2019,54.83,1.44,0.73,-1.07
70,1.5,False,2.0,1.5,5,15.86,2019,54.83,1.44,0.73,-1.07
75,1.0,True,2.0,1.5,5,15.86,2019,54.83,1.44,0.73,-1.07
75,1.0,False,2.0,1.5,5,15.86,2019,54.83,1.44,0.73,-1.07
75,1.5,True,2.0,1.5,5,15.86,2019,54.83,1.44,0.73,-1.07
75,1.5,False,2.0,1.5,5,15.86,2019,54.83,1.44,0.73,-1.07
80,1.0,True,2.0,1.5,5,15.86,2019,54.83,1.44,0.73,-1.07
80,1.0,False,2.0,1.5,5,15.86,2019,54.83,1.44,0.73,-1.07
80,1.5,True,2.0,1.5,5,15.86,2019,54.83,1.44,0.73,-1.07
80,1.5,False,2.0,1.5,5,15.86,2019,54.83,1.44,0.73,-1.07
60,1.0,True,1.5,1.5,7,15.7,2019,52.4,1.4,0.72,-0.94
60,1.0,False,1.5,1.5,7,15.7,2019,52.4,1.4,0.72,-0.94
60,1.5,True,1.5,1.5,7,15.7,2019,52.4,1.4,0.72,-0.94
60,1.5,False,1.5,1.5,7,15.7,2019,52.4,1.4,0.72,-0.94
65,1.0,True,1.5,1.5,7,15.7,2019,52.4,1.4,0.72,-0.94
65,1.0,False,1.5,1.5,7,15.7,2019,52.4,1.4,0.72,-0.94
65,1.5,True,1.5,1.5,7,15.7,2019,52.4,1.4,0.72,-0.94
65,1.5,False,1.5,1.5,7,15.7,2019,52.4,1.4,0.72,-0.94
70,1.0,True,1.5,1.5,7,15.7,2019,52.4,1.4,0.72,-0.94
70,1.0,False,1.5,1.5,7,15.7,2019,52.4,1.4,0.72,-0.94
70,1.5,True,1.5,1.5,7,15.7,2019,52.4,1.4,0.72,-0.94
70,1.5,False,1.5,1.5,7,15.7,2019,52.4,1.4,0.72,-0.94
75,1.0,True,1.5,1.5,7,15.7,2019,52.4,1.4,0.72,-0.94
75,1.0,False,1.5,1.5,7,15.7,2019,52.4,1.4,0.72,-0.94
75,1.5,True,1.5,1.5,7,15.7,2019,52.4,1.4,0.72,-0.94
75,1.5,False,1.5,1.5,7,15.7,2019,52.4,1.4,0.72,-0.94
80,1.0,True,1.5,1.5,7,15.7,2019,52.4,1.4,0.72,-0.94
80,1.0,False,1.5,1.5,7,15.7,2019,52.4,1.4,0.72,-0.94
80,1.5,True,1.5,1.5,7,15.7,2019,52.4,1.4,0.72,-0.94
80,1.5,False,1.5,1.5,7,15.7,2019,52.4,1.4,0.72,-0.94
60,1.0,True,1.0,2.5,5,15.1,2019,47.4,1.49,0.7,-0.83
60,1.0,False,1.0,2.5,5,15.1,2019,47.4,1.49,0.7,-0.83
60,1.5,True,1.0,2.5,5,15.1,2019,47.4,1.49,0.7,-0.83
60,1.5,False,1.0,2.5,5,15.1,2019,47.4,1.49,0.7,-0.83
65,1.0,True,1.0,2.5,5,15.1,2019,47.4,1.49,0.7,-0.83
65,1.0,False,1.0,2.5,5,15.1,2019,47.4,1.49,0.7,-0.83
65,1.5,True,1.0,2.5,5,15.1,2019,47.4,1.49,0.7,-0.83
65,1.5,False,1.0,2.5,5,15.1,2019,47.4,1.49,0.7,-0.83
70,1.0,True,1.0,2.5,5,15.1,2019,47.4,1.49,0.7,-0.83
70,1.0,False,1.0,2.5,5,15.1,2019,47.4,1.49,0.7,-0.83
70,1.5,True,1.0,2.5,5,15.1,2019,47.4,1.49,0.7,-0.83
70,1.5,False,1.0,2.5,5,15.1,2019,47.4,1.49,0.7,-0.83
75,1.0,True,1.0,2.5,5,15.1,2019,47.4,1.49,0.7,-0.83
75,1.0,False,1.0,2.5,5,15.1,2019,47.4,1.49,0.7,-0.83
75,1.5,True,1.0,2.5,5,15.1,2019,47.4,1.49,0.7,-0.83
75,1.5,False,1.0,2.5,5,15.1,2019,47.4,1.49,0.7,-0.83
80,1.0,True,1.0,2.5,5,15.1,2019,47.4,1.49,0.7,-0.83
80,1.0,False,1.0,2.5,5,15.1,2019,47.4,1.49,0.7,-0.83
80,1.5,True,1.0,2.5,5,15.1,2019,47.4,1.49,0.7,-0.83
80,1.5,False,1.0,2.5,5,15.1,2019,47.4,1.49,0.7,-0.83
60,1.0,True,1.0,2.0,7,14.53,2019,46.51,1.44,0.67,-0.81
60,1.0,False,1.0,2.0,7,14.53,2019,46.51,1.44,0.67,-0.81
60,1.5,True,1.0,2.0,7,14.53,2019,46.51,1.44,0.67,-0.81
60,1.5,False,1.0,2.0,7,14.53,2019,46.51,1.44,0.67,-0.81
65,1.0,True,1.0,2.0,7,14.53,2019,46.51,1.44,0.67,-0.81
65,1.0,False,1.0,2.0,7,14.53,2019,46.51,1.44,0.67,-0.81
65,1.5,True,1.0,2.0,7,14.53,2019,46.51,1.44,0.67,-0.81
65,1.5,False,1.0,2.0,7,14.53,2019,46.51,1.44,0.67,-0.81
70,1.0,True,1.0,2.0,7,14.53,2019,46.51,1.44,0.67,-0.81
70,1.0,False,1.0,2.0,7,14.53,2019,46.51,1.44,0.67,-0.81
70,1.5,True,1.0,2.0,7,14.53,2019,46.51,1.44,0.67,-0.81
70,1.5,False,1.0,2.0,7,14.53,2019,46.51,1.44,0.67,-0.81
75,1.0,True,1.0,2.0,7,14.53,2019,46.51,1.44,0.67,-0.81
75,1.0,False,1.0,2.0,7,14.53,2019,46.51,1.44,0.67,-0.81
75,1.5,True,1.0,2.0,7,14.53,2019,46.51,1.44,0.67,-0.81
75,1.5,False,1.0,2.0,7,14.53,2019,46.51,1.44,0.67,-0.81
80,1.0,True,1.0,2.0,7,14.53,2019,46.51,1.44,0.67,-0.81
80,1.0,False,1.0,2.0,7,14.53,2019,46.51,1.44,0.67,-0.81
80,1.5,True,1.0,2.0,7,14.53,2019,46.51,1.44,0.67,-0.81
80,1.5,False,1.0,2.0,7,14.53,2019,46.51,1.44,0.67,-0.81
60,1.0,True,1.5,1.5,5,14.25,2019,53.39,1.42,0.66,-0.86
60,1.0,False,1.5,1.5,5,14.25,2019,53.39,1.42,0.66,-0.86
60,1.5,True,1.5,1.5,5,14.25,2019,53.39,1.42,0.66,-0.86
60,1.5,False,1.5,1.5,5,14.25,2019,53.39,1.42,0.66,-0.86
65,1.0,True,1.5,1.5,5,14.25,2019,53.39,1.42,0.66,-0.86
65,1.0,False,1.5,1.5,5,14.25,2019,53.39,1.42,0.66,-0.86
65,1.5,True,1.5,1.5,5,14.25,2019,53.39,1.42,0.66,-0.86
65,1.5,False,1.5,1.5,5,14.25,2019,53.39,1.42,0.66,-0.86
70,1.0,True,1.5,1.5,5,14.25,2019,53.39,1.42,0.66,-0.86
70,1.0,False,1.5,1.5,5,14.25,2019,53.39,1.42,0.66,-0.86
70,1.5,True,1.5,1.5,5,14.25,2019,53.39,1.42,0.66,-0.86
70,1.5,False,1.5,1.5,5,14.25,2019,53.39,1.42,0.66,-0.86
75,1.0,True,1.5,1.5,5,14.25,2019,53.39,1.42,0.66,-0.86
75,1.0,False,1.5,1.5,5,14.25,2019,53.39,1.42,0.66,-0.86
75,1.5,True,1.5,1.5,5,14.25,2019,53.39,1.42,0.66,-0.86
75,1.5,False,1.5,1.5,5,14.25,2019,53.39,1.42,0.66,-0.86
80,1.0,True,1.5,1.5,5,14.25,2019,53.39,1.42,0.66,-0.86
80,1.0,False,1.5,1.5,5,14.25,2019,53.39,1.42,0.66,-0.86
80,1.5,True,1.5,1.5,5,14.25,2019,53.39,1.42,0.66,-0.86
80,1.5,False,1.5,1.5,5,14.25,2019,53.39,1.42,0.66,-0.86
60,2.0,True,2.0,2.5,10,13.96,916,52.84,1.67,1.43,-0.84
60,2.0,False,2.0,2.5,10,13.96,916,52.84,1.67,1.43,-0.84
65,2.0,True,2.0,2.5,10,13.96,916,52.84,1.67,1.43,-0.84
65,2.0,False,2.0,2.5,10,13.96,916,52.84,1.67,1.43,-0.84
70,2.0,True,2.0,2.5,10,13.96,916,52.84,1.67,1.43,-0.84
70,2.0,False,2.0,2.5,10,13.96,916,52.84,1.67,1.43,-0.84
75,2.0,True,2.0,2.5,10,13.96,916,52.84,1.67,1.43,-0.84
75,2.0,False,2.0,2.5,10,13.96,916,52.84,1.67,1.43,-0.84
80,2.0,True,2.0,2.5,10,13.96,916,52.84,1.67,1.43,-0.84
80,2.0,False,2.0,2.5,10,13.96,916,52.84,1.67,1.43,-0.84
60,1.0,True,1.0,1.5,10,13.69,2019,49.33,1.42,0.64,-0.53
60,1.0,False,1.0,1.5,10,13.69,2019,49.33,1.42,0.64,-0.53
60,1.5,True,1.0,1.5,10,13.69,2019,49.33,1.42,0.64,-0.53
60,1.5,False,1.0,1.5,10,13.69,2019,49.33,1.42,0.64,-0.53
65,1.0,True,1.0,1.5,10,13.69,2019,49.33,1.42,0.64,-0.53
65,1.0,False,1.0,1.5,10,13.69,2019,49.33,1.42,0.64,-0.53
65,1.5,True,1.0,1.5,10,13.69,2019,49.33,1.42,0.64,-0.53
65,1.5,False,1.0,1.5,10,13.69,2019,49.33,1.42,0.64,-0.53
70,1.0,True,1.0,1.5,10,13.69,2019,49.33,1.42,0.64,-0.53
70,1.0,False,1.0,1.5,10,13.69,2019,49.33,1.42,0.64,-0.53
70,1.5,True,1.0,1.5,10,13.69,2019,49.33,1.42,0.64,-0.53
70,1.5,False,1.0,1.5,10,13.69,2019,49.33,1.42,0.64,-0.53
75,1.0,True,1.0,1.5,10,13.69,2019,49.33,1.42,0.64,-0.53
75,1.0,False,1.0,1.5,10,13.69,2019,49.33,1.42,0.64,-0.53
75,1.5,True,1.0,1.5,10,13.69,2019,49.33,1.42,0.64,-0.53
75,1.5,False,1.0,1.5,10,13.69,2019,49.33,1.42,0.64,-0.53
80,1.0,True,1.0,1.5,10,13.69,2019,49.33,1.42,0.64,-0.53
80,1.0,False,1.0,1.5,10,13.69,2019,49.33,1.42,0.64,-0.53
80,1.5,True,1.0,1.5,10,13.69,2019,49.33,1.42,0.64,-0.53
80,1.5,False,1.0,1.5,10,13.69,2019,49.33,1.42,0.64,-0.53
60,2.0,True,2.0,2.0,10,13.08,916,53.06,1.63,1.34,-0.82
60,2.0,False,2.0,2.0,10,13.08,916,53.06,1.63,1.34,-0.82
65,2.0,True,2.0,2.0,10,13.08,916,53.06,1.63,1.34,-0.82
65,2.0,False,2.0,2.0,10,13.08,916,53.06,1.63,1.34,-0.82
70,2.0,True,2.0,2.0,10,13.08,916,53.06,1.63,1.34,-0.82
70,2.0,False,2.0,2.0,10,13.08,916,53.06,1.63,1.34,-0.82
75,2.0,True,2.0,2.0,10,13.08,916,53.06,1.63,1.34,-0.82
75,2.0,False,2.0,2.0,10,13.08,916,53.06,1.63,1.34,-0.82
80,2.0,True,2.0,2.0,10,13.08,916,53.06,1.63,1.34,-0.82
80,2.0,False,2.0,2.0,10,13.08,916,53.06,1.63,1.34,-0.82
60,2.0,True,1.5,2.5,10,12.97,916,49.24,1.69,1.33,-0.92
60,2.0,False,1.5,2.5,10,12.97,916,49.24,1.69,1.33,-0.92
65,2.0,True,1.5,2.5,10,12.97,916,49.24,1.69,1.33,-0.92
65,2.0,False,1.5,2.5,10,12.97,916,49.24,1.69,1.33,-0.92
70,2.0,True,1.5,2.5,10,12.97,916,49.24,1.69,1.33,-0.92
70,2.0,False,1.5,2.5,10,12.97,916,49.24,1.69,1.33,-0.92
75,2.0,True,1.5,2.5,10,12.97,916,49.24,1.69,1.33,-0.92
75,2.0,False,1.5,2.5,10,12.97,916,49.24,1.69,1.33,-0.92
80,2.0,True,1.5,2.5,10,12.97,916,49.24,1.69,1.33,-0.92
80,2.0,False,1.5,2.5,10,12.97,916,49.24,1.69,1.33,-0.92
60,1.0,True,1.0,2.0,5,12.61,2019,48.19,1.42,0.59,-0.98
60,1.0,False,1.0,2.0,5,12.61,2019,48.19,1.42,0.59,-0.98
60,1.5,True,1.0,2.0,5,12.61,2019,48.19,1.42,0.59,-0.98
60,1.5,False,1.0,2.0,5,12.61,2019,48.19,1.42,0.59,-0.98
65,1.0,True,1.0,2.0,5,12.61,2019,48.19,1.42,0.59,-0.98
65,1.0,False,1.0,2.0,5,12.61,2019,48.19,1.42,0.59,-0.98
65,1.5,True,1.0,2.0,5,12.61,2019,48.19,1.42,0.59,-0.98
65,1.5,False,1.0,2.0,5,12.61,2019,48.19,1.42,0.59,-0.98
70,1.0,True,1.0,2.0,5,12.61,2019,48.19,1.42,0.59,-0.98
70,1.0,False,1.0,2.0,5,12.61,2019,48.19,1.42,0.59,-0.98
70,1.5,True,1.0,2.0,5,12.61,2019,48.19,1.42,0.59,-0.98
70,1.5,False,1.0,2.0,5,12.61,2019,48.19,1.42,0.59,-0.98
75,1.0,True,1.0,2.0,5,12.61,2019,48.19,1.42,0.59,-0.98
75,1.0,False,1.0,2.0,5,12.61,2019,48.19,1.42,0.59,-0.98
75,1.5,True,1.0,2.0,5,12.61,2019,48.19,1.42,0.59,-0.98
75,1.5,False,1.0,2.0,5,12.61,2019,48.19,1.42,0.59,-0.98
80,1.0,True,1.0,2.0,5,12.61,2019,48.19,1.42,0.59,-0.98
80,1.0,False,1.0,2.0,5,12.61,2019,48.19,1.42,0.59,-0.98
80,1.5,True,1.0,2.0,5,12.61,2019,48.19,1.42,0.59,-0.98
80,1.5,False,1.0,2.0,5,12.61,2019,48.19,1.42,0.59,-0.98
60,1.0,True,1.0,1.5,7,12.51,2019,50.12,1.4,0.58,-0.7
60,1.0,False,1.0,1.5,7,12.51,2019,50.12,1.4,0.58,-0.7
60,1.5,True,1.0,1.5,7,12.51,2019,50.12,1.4,0.58,-0.7
60,1.5,False,1.0,1.5,7,12.51,2019,50.12,1.4,0.58,-0.7
65,1.0,True,1.0,1.5,7,12.51,2019,50.12,1.4,0.58,-0.7
65,1.0,False,1.0,1.5,7,12.51,2019,50.12,1.4,0.58,-0.7
65,1.5,True,1.0,1.5,7,12.51,2019,50.12,1.4,0.58,-0.7
65,1.5,False,1.0,1.5,7,12.51,2019,50.12,1.4,0.58,-0.7
70,1.0,True,1.0,1.5,7,12.51,2019,50.12,1.4,0.58,-0.7
70,1.0,False,1.0,1.5,7,12.51,2019,50.12,1.4,0.58,-0.7
70,1.5,True,1.0,1.5,7,12.51,2019,50.12,1.4,0.58,-0.7
70,1.5,False,1.0,1.5,7,12.51,2019,50.12,1.4,0.58,-0.7
75,1.0,True,1.0,1.5,7,12.51,2019,50.12,1.4,0.58,-0.7
75,1.0,False,1.0,1.5,7,12.51,2019,50.12,1.4,0.58,-0.7
75,1.5,True,1.0,1.5,7,12.51,2019,50.12,1.4,0.58,-0.7
75,1.5,False,1.0,1.5,7,12.51,2019,50.12,1.4,0.58,-0.7
80,1.0,True,1.0,1.5,7,12.51,2019,50.12,1.4,0.58,-0.7
80,1.0,False,1.0,1.5,7,12.51,2019,50.12,1.4,0.58,-0.7
80,1.5,True,1.0,1.5,7,12.51,2019,50.12,1.4,0.58,-0.7
80,1.5,False,1.0,1.5,7,12.51,2019,50.12,1.4,0.58,-0.7
60,2.0,True,1.5,2.0,10,11.49,916,49.89,1.62,1.19,-0.85
60,2.0,False,1.5,2.0,10,11.49,916,49.89,1.62,1.19,-0.85
65,2.0,True,1.5,2.0,10,11.49,916,49.89,1.62,1.19,-0.85
65,2.0,False,1.5,2.0,10,11.49,916,49.89,1.62,1.19,-0.85
70,2.0,True,1.5,2.0,10,11.49,916,49.89,1.62,1.19,-0.85
70,2.0,False,1.5,2.0,10,11.49,916,49.89,1.62,1.19,-0.85
75,2.0,True,1.5,2.0,10,11.49,916,49.89,1.62,1.19,-0.85
75,2.0,False,1.5,2.0,10,11.49,916,49.89,1.62,1.19,-0.85
80,2.0,True,1.5,2.0,10,11.49,916,49.89,1.62,1.19,-0.85
80,2.0,False,1.5,2.0,10,11.49,916,49.89,1.62,1.19,-0.85
60,2.0,True,2.0,1.5,10,11.24,916,53.71,1.55,1.17,-0.7
60,2.0,False,2.0,1.5,10,11.24,916,53.71,1.55,1.17,-0.7
65,2.0,True,2.0,1.5,10,11.24,916,53.71,1.55,1.17,-0.7
65,2.0,False,2.0,1.5,10,11.24,916,53.71,1.55,1.17,-0.7
70,2.0,True,2.0,1.5,10,11.24,916,53.71,1.55,1.17,-0.7
70,2.0,False,2.0,1.5,10,11.24,916,53.71,1.55,1.17,-0.7
75,2.0,True,2.0,1.5,10,11.24,916,53.71,1.55,1.17,-0.7
75,2.0,False,2.0,1.5,10,11.24,916,53.71,1.55,1.17,-0.7
80,2.0,True,2.0,1.5,10,11.24,916,53.71,1.55,1.17,-0.7
80,2.0,False,2.0,1.5,10,11.24,916,53.71,1.55,1.17,-0.7
60,1.0,True,1.0,1.5,5,10.99,2019,50.67,1.38,0.52,-0.72
60,1.0,False,1.0,1.5,5,10.99,2019,50.67,1.38,0.52,-0.72
60,1.5,True,1.0,1.5,5,10.99,2019,50.67,1.38,0.52,-0.72
60,1.5,False,1.0,1.5,5,10.99,2019,50.67,1.38,0.52,-0.72
65,1.0,True,1.0,1.5,5,10.99,2019,50.67,1.38,0.52,-0.72
65,1.0,False,1.0,1.5,5,10.99,2019,50.67,1.38,0.52,-0.72
65,1.5,True,1.0,1.5,5,10.99,2019,50.67,1.38,0.52,-0.72
65,1.5,False,1.0,1.5,5,10.99,2019,50.67,1.38,0.52,-0.72
70,1.0,True,1.0,1.5,5,10.99,2019,50.67,1.38,0.52,-0.72
70,1.0,False,1.0,1.5,5,10.99,2019,50.67,1.38,0.52,-0.72
70,1.5,True,1.0,1.5,5,10.99,2019,50.67,1.38,0.52,-0.72
70,1.5,False,1.0,1.5,5,10.99,2019,50.67,1.38,0.52,-0.72
75,1.0,True,1.0,1.5,5,10.99,2019,50.67,1.38,0.52,-0.72
75,1.0,False,1.0,1.5,5,10.99,2019,50.67,1.38,0.52,-0.72
75,1.5,True,1.0,1.5,5,10.99,2019,50.67,1.38,0.52,-0.72
75,1.5,False,1.0,1.5,5,10.99,2019,50.67,1.38,0.52,-0.72
80,1.0,True,1.0,1.5,5,10.99,2019,50.67,1.38,0.52,-0.72
80,1.0,False,1.0,1.5,5,10.99,2019,50.67,1.38,0.52,-0.72
80,1.5,True,1.0,1.5,5,10.99,2019,50.67,1.38,0.52,-0.72
80,1.5,False,1.0,1.5,5,10.99,2019,50.67,1.38,0.52,-0.72
60,2.0,True,2.0,2.5,7,10.77,916,55.46,1.61,1.12,-0.76
60,2.0,False,2.0,2.5,7,10.77,916,55.46,1.61,1.12,-0.76
65,2.0,True,2.0,2.5,7,10.77,916,55.46,1.61,1.12,-0.76
65,2.0,False,2.0,2.5,7,10.77,916,55.46,1.61,1.12,-0.76
70,2.0,True,2.0,2.5,7,10.77,916,55.46,1.61,1.12,-0.76
70,2.0,False,2.0,2.5,7,10.77,916,55.46,1.61,1.12,-0.76
75,2.0,True,2.0,2.5,7,10.77,916,55.46,1.61,1.12,-0.76
75,2.0,False,2.0,2.5,7,10.77,916,55.46,1.61,1.12,-0.76
80,2.0,True,2.0,2.5,7,10.77,916,55.46,1.61,1.12,-0.76
80,2.0,False,2.0,2.5,7,10.77,916,55.46,1.61,1.12,-0.76
60,2.0,True,1.5,2.5,7,10.45,916,52.73,1.64,1.09,-0.72
60,2.0,False,1.5,2.5,7,10.45,916,52.73,1.64,1.09,-0.72
65,2.0,True,1.5,2.5,7,10.45,916,52.73,1.64,1.09,-0.72
65,2.0,False,1.5,2.5,7,10.45,916,52.73,1.64,1.09,-0.72
70,2.0,True,1.5,2.5,7,10.45,916,52.73,1.64,1.09,-0.72
70,2.0,False,1.5,2.5,7,10.45,916,52.73,1.64,1.09,-0.72
75,2.0,True,1.5,2.5,7,10.45,916,52.73,1.64,1.09,-0.72
75,2.0,False,1.5,2.5,7,10.45,916,52.73,1.64,1.09,-0.72
80,2.0,True,1.5,2.5,7,10.45,916,52.73,1.64,1.09,-0.72
80,2.0,False,1.5,2.5,7,10.45,916,52.73,1.64,1.09,-0.72
60,2.0,True,2.0,2.0,7,10.21,916,55.68,1.58,1.06,-0.76
60,2.0,False,2.0,2.0,7,10.21,916,55.68,1.58,1.06,-0.76
65,2.0,True,2.0,2.0,7,10.21,916,55.68,1.58,1.06,-0.76
65,2.0,False,2.0,2.0,7,10.21,916,55.68,1.58,1.06,-0.76
70,2.0,True,2.0,2.0,7,10.21,916,55.68,1.58,1.06,-0.76
70,2.0,False,2.0,2.0,7,10.21,916,55.68,1.58,1.06,-0.76
75,2.0,True,2.0,2.0,7,10.21,916,55.68,1.58,1.06,-0.76
75,2.0,False,2.0,2.0,7,10.21,916,55.68,1.58,1.06,-0.76
80,2.0,True,2.0,2.0,7,10.21,916,55.68,1.58,1.06,-0.76
80,2.0,False,2.0,2.0,7,10.21,916,55.68,1.58,1.06,-0.76
60,2.0,True,1.5,1.5,10,10.08,916,51.86,1.57,1.05,-0.62
60,2.0,False,1.5,1.5,10,10.08,916,51.86,1.57,1.05,-0.62
65,2.0,True,1.5,1.5,10,10.08,916,51.86,1.57,1.05,-0.62
65,2.0,False,1.5,1.5,10,10.08,916,51.86,1.57,1.05,-0.62
70,2.0,True,1.5,1.5,10,10.08,916,51.86,1.57,1.05,-0.62
70,2.0,False,1.5,1.5,10,10.08,916,51.86,1.57,1.05,-0.62
75,2.0,True,1.5,1.5,10,10.08,916,51.86,1.57,1.05,-0.62
75,2.0,False,1.5,1.5,10,10.08,916,51.86,1.57,1.05,-0.62
80,2.0,True,1.5,1.5,10,10.08,916,51.86,1.57,1.05,-0.62
80,2.0,False,1.5,1.5,10,10.08,916,51.86,1.57,1.05,-0.62
60,2.0,True,1.0,2.5,10,9.59,916,43.45,1.64,1.0,-0.54
60,2.0,False,1.0,2.5,10,9.59,916,43.45,1.64,1.0,-0.54
65,2.0,True,1.0,2.5,10,9.59,916,43.45,1.64,1.0,-0.54
65,2.0,False,1.0,2.5,10,9.59,916,43.45,1.64,1.0,-0.54
70,2.0,True,1.0,2.5,10,9.59,916,43.45,1.64,1.0,-0.54
70,2.0,False,1.0,2.5,10,9.59,916,43.45,1.64,1.0,-0.54
75,2.0,True,1.0,2.5,10,9.59,916,43.45,1.64,1.0,-0.54
75,2.0,False,1.0,2.5,10,9.59,916,43.45,1.64,1.0,-0.54
80,2.0,True,1.0,2.5,10,9.59,916,43.45,1.64,1.0,-0.54
80,2.0,False,1.0,2.5,10,9.59,916,43.45,1.64,1.0,-0.54
60,2.0,True,1.5,2.0,7,9.4,916,52.84,1.58,0.98,-0.66
60,2.0,False,1.5,2.0,7,9.4,916,52.84,1.58,0.98,-0.66
65,2.0,True,1.5,2.0,7,9.4,916,52.84,1.58,0.98,-0.66
65,2.0,False,1.5,2.0,7,9.4,916,52.84,1.58,0.98,-0.66
70,2.0,True,1.5,2.0,7,9.4,916,52.84,1.58,0.98,-0.66
70,2.0,False,1.5,2.0,7,9.4,916,52.84,1.58,0.98,-0.66
75,2.0,True,1.5,2.0,7,9.4,916,52.84,1.58,0.98,-0.66
75,2.0,False,1.5,2.0,7,9.4,916,52.84,1.58,0.98,-0.66
80,2.0,True,1.5,2.0,7,9.4,916,52.84,1.58,0.98,-0.66
80,2.0,False,1.5,2.0,7,9.4,916,52.84,1.58,0.98,-0.66
60,2.0,True,2.0,1.5,7,9.01,916,55.79,1.52,0.94,-0.64
60,2.0,False,2.0,1.5,7,9.01,916,55.79,1.52,0.94,-0.64
65,2.0,True,2.0,1.5,7,9.01,916,55.79,1.52,0.94,-0.64
65,2.0,False,2.0,1.5,7,9.01,916,55.79,1.52,0.94,-0.64
70,2.0,True,2.0,1.5,7,9.01,916,55.79,1.52,0.94,-0.64
70,2.0,False,2.0,1.5,7,9.01,916,55.79,1.52,0.94,-0.64
75,2.0,True,2.0,1.5,7,9.01,916,55.79,1.52,0.94,-0.64
75,2.0,False,2.0,1.5,7,9.01,916,55.79,1.52,0.94,-0.64
80,2.0,True,2.0,1.5,7,9.01,916,55.79,1.52,0.94,-0.64
80,2.0,False,2.0,1.5,7,9.01,916,55.79,1.52,0.94,-0.64
60,2.0,True,1.5,1.5,7,8.64,916,54.15,1.55,0.91,-0.56
60,2.0,False,1.5,1.5,7,8.64,916,54.15,1.55,0.91,-0.56
65,2.0,True,1.5,1.5,7,8.64,916,54.15,1.55,0.91,-0.56
65,2.0,False,1.5,1.5,7,8.64,916,54.15,1.55,0.91,-0.56
70,2.0,True,1.5,1.5,7,8.64,916,54.15,1.55,0.91,-0.56
70,2.0,False,1.5,1.5,7,8.64,916,54.15,1.55,0.91,-0.56
75,2.0,True,1.5,1.5,7,8.64,916,54.15,1.55,0.91,-0.56
75,2.0,False,1.5,1.5,7,8.64,916,54.15,1.55,0.91,-0.56
80,2.0,True,1.5,1.5,7,8.64,916,54.15,1.55,0.91,-0.56
80,2.0,False,1.5,1.5,7,8.64,916,54.15,1.55,0.91,-0.56
60,2.0,True,1.5,2.5,5,8.62,916,53.93,1.62,0.9,-0.52
60,2.0,False,1.5,2.5,5,8.62,916,53.93,1.62,0.9,-0.52
65,2.0,True,1.5,2.5,5,8.62,916,53.93,1.62,0.9,-0.52
65,2.0,False,1.5,2.5,5,8.62,916,53.93,1.62,0.9,-0.52
70,2.0,True,1.5,2.5,5,8.62,916,53.93,1.62,0.9,-0.52
70,2.0,False,1.5,2.5,5,8.62,916,53.93,1.62,0.9,-0.52
75,2.0,True,1.5,2.5,5,8.62,916,53.93,1.62,0.9,-0.52
75,2.0,False,1.5,2.5,5,8.62,916,53.93,1.62,0.9,-0.52
80,2.0,True,1.5,2.5,5,8.62,916,53.93,1.62,0.9,-0.52
80,2.0,False,1.5,2.5,5,8.62,916,53.93,1.62,0.9,-0.52
60,2.0,True,2.0,2.5,5,8.46,916,55.24,1.56,0.89,-0.66
60,2.0,False,2.0,2.5,5,8.46,916,55.24,1.56,0.89,-0.66
65,2.0,True,2.0,2.5,5,8.46,916,55.24,1.56,0.89,-0.66
65,2.0,False,2.0,2.5,5,8.46,916,55.24,1.56,0.89,-0.66
70,2.0,True,2.0,2.5,5,8.46,916,55.24,1.56,0.89,-0.66
70,2.0,False,2.0,2.5,5,8.46,916,55.24,1.56,0.89,-0.66
75,2.0,True,2.0,2.5,5,8.46,916,55.24,1.56,0.89,-0.66
75,2.0,False,2.0,2.5,5,8.46,916,55.24,1.56,0.89,-0.66
80,2.0,True,2.0,2.5,5,8.46,916,55.24,1.56,0.89,-0.66
80,2.0,False,2.0,2.5,5,8.46,916,55.24,1.56,0.89,-0.66
60,2.0,True,1.0,2.5,7,8.4,916,46.18,1.61,0.88,-0.64
60,2.0,False,1.0,2.5,7,8.4,916,46.18,1.61,0.88,-0.64
65,2.0,True,1.0,2.5,7,8.4,916,46.18,1.61,0.88,-0.64
65,2.0,False,1.0,2.5,7,8.4,916,46.18,1.61,0.88,-0.64
70,2.0,True,1.0,2.5,7,8.4,916,46.18,1.61,0.88,-0.64
70,2.0,False,1.0,2.5,7,8.4,916,46.18,1.61,0.88,-0.64
75,2.0,True,1.0,2.5,7,8.4,916,46.18,1.61,0.88,-0.64
75,2.0,False,1.0,2.5,7,8.4,916,46.18,1.61,0.88,-0.64
80,2.0,True,1.0,2.5,7,8.4,916,46.18,1.61,0.88,-0.64
80,2.0,False,1.0,2.5,7,8.4,916,46.18,1.61,0.88,-0.64
60,2.0,True,1.0,2.0,10,8.19,916,46.18,1.57,0.86,-0.66
60,2.0,False,1.0,2.0,10,8.19,916,46.18,1.57,0.86,-0.66
65,2.0,True,1.0,2.0,10,8.19,916,46.18,1.57,0.86,-0.66
65,2.0,False,1.0,2.0,10,8.19,916,46.18,1.57,0.86,-0.66
70,2.0,True,1.0,2.0,10,8.19,916,46.18,1.57,0.86,-0.66
70,2.0,False,1.0,2.0,10,8.19,916,46.18,1.57,0.86,-0.66
75,2.0,True,1.0,2.0,10,8.19,916,46.18,1.57,0.86,-0.66
75,2.0,False,1.0,2.0,10,8.19,916,46.18,1.57,0.86,-0.66
80,2.0,True,1.0,2.0,10,8.19,916,46.18,1.57,0.86,-0.66
80,2.0,False,1.0,2.0,10,8.19,916,46.18,1.57,0.86,-0.66
60,2.0,True,1.5,2.0,5,7.98,916,54.04,1.57,0.84,-0.52
60,2.0,False,1.5,2.0,5,7.98,916,54.04,1.57,0.84,-0.52
65,2.0,True,1.5,2.0,5,7.98,916,54.04,1.57,0.84,-0.52
65,2.0,False,1.5,2.0,5,7.98,916,54.04,1.57,0.84,-0.52
70,2.0,True,1.5,2.0,5,7.98,916,54.04,1.57,0.84,-0.52
70,2.0,False,1.5,2.0,5,7.98,916,54.04,1.57,0.84,-0.52
75,2.0,True,1.5,2.0,5,7.98,916,54.04,1.57,0.84,-0.52
75,2.0,False,1.5,2.0,5,7.98,916,54.04,1.57,0.84,-0.52
80,2.0,True,1.5,2.0,5,7.98,916,54.04,1.57,0.84,-0.52
80,2.0,False,1.5,2.0,5,7.98,916,54.04,1.57,0.84,-0.52
60,2.0,True,2.0,2.0,5,7.92,916,55.35,1.53,0.83,-0.66
60,2.0,False,2.0,2.0,5,7.92,916,55.35,1.53,0.83,-0.66
65,2.0,True,2.0,2.0,5,7.92,916,55.35,1.53,0.83,-0.66
65,2.0,False,2.0,2.0,5,7.92,916,55.35,1.53,0.83,-0.66
70,2.0,True,2.0,2.0,5,7.92,916,55.35,1.53,0.83,-0.66
70,2.0,False,2.0,2.0,5,7.92,916,55.35,1.53,0.83,-0.66
75,2.0,True,2.0,2.0,5,7.92,916,55.35,1.53,0.83,-0.66
75,2.0,False,2.0,2.0,5,7.92,916,55.35,1.53,0.83,-0.66
80,2.0,True,2.0,2.0,5,7.92,916,55.35,1.53,0.83,-0.66
80,2.0,False,2.0,2.0,5,7.92,916,55.35,1.53,0.83,-0.66
60,2.0,True,1.0,2.0,7,7.42,916,48.14,1.55,0.78,-0.69
60,2.0,False,1.0,2.0,7,7.42,916,48.14,1.55,0.78,-0.69
65,2.0,True,1.0,2.0,7,7.42,916,48.14,1.55,0.78,-0.69
65,2.0,False,1.0,2.0,7,7.42,916,48.14,1.55,0.78,-0.69
70,2.0,True,1.0,2.0,7,7.42,916,48.14,1.55,0.78,-0.69
70,2.0,False,1.0,2.0,7,7.42,916,48.14,1.55,0.78,-0.69
75,2.0,True,1.0,2.0,7,7.42,916,48.14,1.55,0.78,-0.69
75,2.0,False,1.0,2.0,7,7.42,916,48.14,1.55,0.78,-0.69
80,2.0,True,1.0,2.0,7,7.42,916,48.14,1.55,0.78,-0.69
80,2.0,False,1.0,2.0,7,7.42,916,48.14,1.55,0.78,-0.69
60,2.0,True,1.0,2.5,5,7.27,916,48.8,1.58,0.77,-0.67
60,2.0,False,1.0,2.5,5,7.27,916,48.8,1.58,0.77,-0.67
65,2.0,True,1.0,2.5,5,7.27,916,48.8,1.58,0.77,-0.67
65,2.0,False,1.0,2.5,5,7.27,916,48.8,1.58,0.77,-0.67
70,2.0,True,1.0,2.5,5,7.27,916,48.8,1.58,0.77,-0.67
70,2.0,False,1.0,2.5,5,7.27,916,48.8,1.58,0.77,-0.67
75,2.0,True,1.0,2.5,5,7.27,916,48.8,1.58,0.77,-0.67
75,2.0,False,1.0,2.5,5,7.27,916,48.8,1.58,0.77,-0.67
80,2.0,True,1.0,2.5,5,7.27,916,48.8,1.58,0.77,-0.67
80,2.0,False,1.0,2.5,5,7.27,916,48.8,1.58,0.77,-0.67
60,2.0,True,2.0,1.5,5,7.21,916,55.46,1.48,0.76,-0.66
60,2.0,False,2.0,1.5,5,7.21,916,55.46,1.48,0.76,-0.66
65,2.0,True,2.0,1.5,5,7.21,916,55.46,1.48,0.76,-0.66
65,2.0,False,2.0,1.5,5,7.21,916,55.46,1.48,0.76,-0.66
70,2.0,True,2.0,1.5,5,7.21,916,55.46,1.48,0.76,-0.66
70,2.0,False,2.0,1.5,5,7.21,916,55.46,1.48,0.76,-0.66
75,2.0,True,2.0,1.5,5,7.21,916,55.46,1.48,0.76,-0.66
75,2.0,False,2.0,1.5,5,7.21,916,55.46,1.48,0.76,-0.66
80,2.0,True,2.0,1.5,5,7.21,916,55.46,1.48,0.76,-0.66
80,2.0,False,2.0,1.5,5,7.21,916,55.46,1.48,0.76,-0.66
60,2.0,True,1.5,1.5,5,7.1,916,54.48,1.52,0.75,-0.52
60,2.0,False,1.5,1.5,5,7.1,916,54.48,1.52,0.75,-0.52
65,2.0,True,1.5,1.5,5,7.1,916,54.48,1.52,0.75,-0.52
65,2.0,False,1.5,1.5,5,7.1,916,54.48,1.52,0.75,-0.52
70,2.0,True,1.5,1.5,5,7.1,916,54.48,1.52,0.75,-0.52
70,2.0,False,1.5,1.5,5,7.1,916,54.48,1.52,0.75,-0.52
75,2.0,True,1.5,1.5,5,7.1,916,54.48,1.52,0.75,-0.52
75,2.0,False,1.5,1.5,5,7.1,916,54.48,1.52,0.75,-0.52
80,2.0,True,1.5,1.5,5,7.1,916,54.48,1.52,0.75,-0.52
80,2.0,False,1.5,1.5,5,7.1,916,54.48,1.52,0.75,-0.52
60,2.0,True,1.0,1.5,10,6.39,916,50.76,1.48,0.68,-0.44
60,2.0,False,1.0,1.5,10,6.39,916,50.76,1.48,0.68,-0.44
65,2.0,True,1.0,1.5,10,6.39,916,50.76,1.48,0.68,-0.44
65,2.0,False,1.0,1.5,10,6.39,916,50.76,1.48,0.68,-0.44
70,2.0,True,1.0,1.5,10,6.39,916,50.76,1.48,0.68,-0.44
70,2.0,False,1.0,1.5,10,6.39,916,50.76,1.48,0.68,-0.44
75,2.0,True,1.0,1.5,10,6.39,916,50.76,1.48,0.68,-0.44
75,2.0,False,1.0,1.5,10,6.39,916,50.76,1.48,0.68,-0.44
80,2.0,True,1.0,1.5,10,6.39,916,50.76,1.48,0.68,-0.44
80,2.0,False,1.0,1.5,10,6.39,916,50.76,1.48,0.68,-0.44
60,2.0,True,1.0,1.5,7,6.09,916,51.42,1.48,0.65,-0.45
60,2.0,False,1.0,1.5,7,6.09,916,51.42,1.48,0.65,-0.45
65,2.0,True,1.0,1.5,7,6.09,916,51.42,1.48,0.65,-0.45
65,2.0,False,1.0,1.5,7,6.09,916,51.42,1.48,0.65,-0.45
70,2.0,True,1.0,1.5,7,6.09,916,51.42,1.48,0.65,-0.45
70,2.0,False,1.0,1.5,7,6.09,916,51.42,1.48,0.65,-0.45
75,2.0,True,1.0,1.5,7,6.09,916,51.42,1.48,0.65,-0.45
75,2.0,False,1.0,1.5,7,6.09,916,51.42,1.48,0.65,-0.45
80,2.0,True,1.0,1.5,7,6.09,916,51.42,1.48,0.65,-0.45
80,2.0,False,1.0,1.5,7,6.09,916,51.42,1.48,0.65,-0.45
60,2.0,True,1.0,2.0,5,6.05,916,49.56,1.49,0.64,-0.69
60,2.0,False,1.0,2.0,5,6.05,916,49.56,1.49,0.64,-0.69
65,2.0,True,1.0,2.0,5,6.05,916,49.56,1.49,0.64,-0.69
65,2.0,False,1.0,2.0,5,6.05,916,49.56,1.49,0.64,-0.69
70,2.0,True,1.0,2.0,5,6.05,916,49.56,1.49,0.64,-0.69
70,2.0,False,1.0,2.0,5,6.05,916,49.56,1.49,0.64,-0.69
75,2.0,True,1.0,2.0,5,6.05,916,49.56,1.49,0.64,-0.69
75,2.0,False,1.0,2.0,5,6.05,916,49.56,1.49,0.64,-0.69
80,2.0,True,1.0,2.0,5,6.05,916,49.56,1.49,0.64,-0.69
80,2.0,False,1.0,2.0,5,6.05,916,49.56,1.49,0.64,-0.69
60,2.0,True,1.0,1.5,5,5.35,916,52.18,1.46,0.57,-0.43
60,2.0,False,1.0,1.5,5,5.35,916,52.18,1.46,0.57,-0.43
65,2.0,True,1.0,1.5,5,5.35,916,52.18,1.46,0.57,-0.43
65,2.0,False,1.0,1.5,5,5.35,916,52.18,1.46,0.57,-0.43
70,2.0,True,1.0,1.5,5,5.35,916,52.18,1.46,0.57,-0.43
70,2.0,False,1.0,1.5,5,5.35,916,52.18,1.46,0.57,-0.43
75,2.0,True,1.0,1.5,5,5.35,916,52.18,1.46,0.57,-0.43
75,2.0,False,1.0,1.5,5,5.35,916,52.18,1.46,0.57,-0.43
80,2.0,True,1.0,1.5,5,5.35,916,52.18,1.46,0.57,-0.43
80,2.0,False,1.0,1.5,5,5.35,916,52.18,1.46,0.57,-0.43
